{
    "ASCII Anti Aliased": true,
    "Ambiguous Double Width": false,
    "Ansi 0 Color": {
        "Blue Component": 0.0,
        "Green Component": 0.0,
        "Red Component": 0.0
    },
    "Ansi 1 Color": {
        "Blue Component": 0.0,
        "Green Component": 0.0,
        "Red Component": 0.7333333492279053
    },
    "Ansi 10 Color": {
        "Blue Component": 0.3333333432674408,
        "Green Component": 1.0,
        "Red Component": 0.3333333432674408
    },
    "Ansi 11 Color": {
        "Blue Component": 0.3333333432674408,
        "Green Component": 1.0,
        "Red Component": 1.0
    },
    "Ansi 12 Color": {
        "Blue Component": 1.0,
        "Green Component": 0.3333333432674408,
        "Red Component": 0.3333333432674408
    },
    "Ansi 13 Color": {
        "Blue Component": 1.0,
        "Green Component": 0.3333333432674408,
        "Red Component": 1.0
    },
    "Ansi 14 Color": {
        "Blue Component": 1.0,
        "Green Component": 1.0,
        "Red Component": 0.3333333432674408
    },
    "Ansi 15 Color": {
        "Blue Component": 1.0,
        "Green Component": 1.0,
        "Red Component": 1.0
    },
    "Ansi 2 Color": {
        "Blue Component": 0.0,
        "Green Component": 0.7333333492279053,
        "Red Component": 0.0
    },
    "Ansi 3 Color": {
        "Blue Component": 0.0,
        "Green Component": 0.7333333492279053,
        "Red Component": 0.7333333492279053
    },
    "Ansi 4 Color": {
        "Blue Component": 0.7333333492279053,
        "Green Component": 0.0,
        "Red Component": 0.0
    },
    "Ansi 5 Color": {
        "Blue Component": 0.7333333492279053,
        "Green Component": 0.0,
        "Red Component": 0.7333333492279053
    },
    "Ansi 6 Color": {
        "Blue Component": 0.7333333492279053,
        "Green Component": 0.7333333492279053,
        "Red Component": 0.0
    },
    "Ansi 7 Color": {
        "Blue Component": 0.7333333492279053,
        "Green Component": 0.7333333492279053,
        "Red Component": 0.7333333492279053
    },
    "Ansi 8 Color": {
        "Blue Component": 0.3333333432674408,
        "Green Component": 0.3333333432674408,
        "Red Component": 0.3333333432674408
    },
    "Ansi 9 Color": {
        "Blue Component": 0.3333333432674408,
        "Green Component": 0.3333333432674408,
        "Red Component": 1.0
    },
    "BM Growl": true,
    "Background Color": {
        "Alpha Component": 1.0,
        "Blue Component": 0.1,
        "Color Space": "sRGB",
        "Green Component": 0.1,
        "Red Component": 0.1
    },
    "Background Image Location": "",
    "Badge Color": {
        "Alpha Component": 0.5,
        "Blue Component": 0.0,
        "Color Space": "sRGB",
        "Green Component": 0.14910030364990234,
        "Red Component": 1.0
    },
    "Blinking Cursor": false,
    "Blur": false,
    "Bold Color": {
        "Alpha Component": 1.0,
        "Blue Component": 1.0,
        "Color Space": "sRGB",
        "Green Component": 1.0,
        "Red Component": 1.0
    },
    "Bound Hosts": [],
    "Brighten Bold Text": false,
    "Character Encoding": 4,
    "Close Sessions On End": true,
    "Columns": 80,
    "Command": "",
    "Cursor Color": {
        "Blue Component": 0.7333333492279053,
        "Green Component": 0.7333333492279053,
        "Red Component": 0.7333333492279053
    },
    "Cursor Guide Color": {
        "Alpha Component": 0.25,
        "Blue Component": 1.0,
        "Color Space": "sRGB",
        "Green Component": 0.9268137812614441,
        "Red Component": 0.7021402716636658
    },
    "Cursor Text Color": {
        "Blue Component": 1.0,
        "Green Component": 1.0,
        "Red Component": 1.0
    },
    "Custom Command": "No",
    "Custom Directory": "No",
    "Default Bookmark": "No",
    "Description": "Default",
    "Disable Window Resizing": true,
    "Flashing Bell": false,
    "Foreground Color": {
        "Alpha Component": 1.0,
        "Blue Component": 1.0,
        "Color Space": "sRGB",
        "Green Component": 1.0,
        "Red Component": 1.0
    },
    "Guid": "21E37950-E854-4443-99A6-C9820C125BF5",
    "Horizontal Spacing": 1.0,
    "Idle Code": 0,
    "Jobs to Ignore": [
        "rlogin",
        "ssh",
        "slogin",
        "telnet"
    ],
    "Keyboard Map": {
        "0x2d-0x40000": {
            "Action": 11,
            "Text": "0x1f"
        },
        "0x5e-0x60000": {
            "Action": 11,
            "Text": "0x1e"
        },
        "0xf700-0x220000": {
            "Action": 10,
            "Text": "[A"
        },
        "0xf700-0x240000": {
            "Action": 10,
            "Text": "[A"
        },
        "0xf700-0x260000": {
            "Action": 10,
            "Text": "[A"
        },
        "0xf700-0x280000": {
            "Action": 10,
            "Text": "[A"
        },
        "0xf701-0x220000": {
            "Action": 10,
            "Text": "[B"
        },
        "0xf701-0x240000": {
            "Action": 10,
            "Text": "[B"
        },
        "0xf701-0x260000": {
            "Action": 10,
            "Text": "[B"
        },
        "0xf701-0x280000": {
            "Action": 10,
            "Text": "[B"
        },
        "0xf702-0x220000": {
            "Action": 10,
            "Text": "[D"
        },
        "0xf702-0x240000": {
            "Action": 10,
            "Text": "[5D"
        },
        "0xf702-0x260000": {
            "Action": 11,
            "Text": "0x1b 0x1b 0x5b 0x44"
        },
        "0xf702-0x280000": {
            "Action": 10,
            "Text": "b"
        },
        "0xf703-0x220000": {
            "Action": 10,
            "Text": "[C"
        },
        "0xf703-0x240000": {
            "Action": 10,
            "Text": "[5C"
        },
        "0xf703-0x260000": {
            "Action": 10,
            "Text": "[C"
        },
        "0xf703-0x280000": {
            "Action": 10,
            "Text": "f"
        },
        "0xf708-0x20000": {
            "Action": 10,
            "Text": "[25~"
        },
        "0xf709-0x20000": {
            "Action": 10,
            "Text": "[26~"
        },
        "0xf70a-0x20000": {
            "Action": 10,
            "Text": "[28~"
        },
        "0xf70b-0x20000": {
            "Action": 10,
            "Text": "[29~"
        },
        "0xf729-0x20000": {
            "Action": 10,
            "Text": "[H"
        },
        "0xf729-0x40000": {
            "Action": 5,
            "Text": ""
        },
        "0xf72b-0x20000": {
            "Action": 10,
            "Text": "[F"
        },
        "0xf72b-0x40000": {
            "Action": 4,
            "Text": ""
        }
    },
    "Link Color": {
        "Alpha Component": 1.0,
        "Blue Component": 0.7342270612716675,
        "Color Space": "sRGB",
        "Green Component": 0.3591529428958893,
        "Red Component": 0.0
    },
    "Minimum Contrast": 0.0,
    "Mouse Reporting": true,
    "Name": "my-profile",
    "Non Ascii Font": "Monaco 12",
    "Non-ASCII Anti Aliased": true,
    "Normal Font": "SFMono-Regular 14",
    "Only The Default BG Color Uses Transparency": false,
    "Option Key Sends": 2,
    "Prompt Before Closing 2": false,
    "Right Option Key Sends": 0,
    "Rows": 25,
    "Screen": -1,
    "Scrollback Lines": 1000,
    "Selected Text Color": {
        "Alpha Component": 1.0,
        "Blue Component": 0.0,
        "Color Space": "sRGB",
        "Green Component": 0.0,
        "Red Component": 0.0
    },
    "Selection Color": {
        "Alpha Component": 1.0,
        "Blue Component": 1.0,
        "Color Space": "sRGB",
        "Green Component": 1.0,
        "Red Component": 1.0
    },
    "Send Code When Idle": false,
    "Shortcut": "",
    "Silence Bell": false,
    "Smart Cursor Color": false,
    "Sync Title": false,
    "Tags": [],
    "Terminal Type": "xterm-256color",
    "Thin Strokes": 4,
    "Transparency": 0.0,
    "Unlimited Scrollback": false,